CANCERS,3AAAAAAAAAA,3AAAAAAAAAC,3AAAAAAAAAG,3AAAAAAAAAT,3AAAAAAAACA,3AAAAAAAACC,3AAAAAAAACG,3AAAAAAAACT,3AAAAAAAAGA,3AAAAAAAAGC,3AAAAAAAAGG,3AAAAAAAAGT,3AAAAAAAATA,3AAAAAAAATC,3AAAAAAAATG,3AAAAAAAATT,3AAAAAAACAA,3AAAAAAACAC,3AAAAAAACAG,3AAAAAAACAT
lungad_10,1081,36,35,31,20,5,3,5,19,8,11,5,7,6,4,15,15,2,3,1
lungad_1,1793,47,45,29,21,9,1,9,43,4,3,8,14,7,7,11,16,5,3,2
lungad_11,607,21,21,12,14,9,1,3,14,2,1,5,2,3,2,4,8,-1,1,NA
lungad_12,827,42,29,25,18,12,-1,4,17,3,7,3,10,11,5,14,18,5,2,3
lungad_13,887,21,28,29,14,13,3,6,17,5,7,7,9,7,3,10,11,4,5,1
lungad_14,1147,18,21,17,13,5,-1,5,21,5,8,5,7,4,3,7,8,2,3,1
lungad_15,669,34,39,24,18,9,-1,10,24,5,8,4,2,3,10,14,18,NA,3,2
lungad_16,1039,25,31,19,12,14,1,6,21,2,4,9,12,5,7,6,17,3,1,2
lungad_17,2932,96,129,116,54,19,2,18,71,14,11,23,30,16,15,33,47,3,10,4
lungad_18,4205,101,144,98,62,41,3,26,87,16,16,20,22,20,24,36,53,9,13,3
lungad_19,1686,58,40,39,16,11,3,4,20,9,11,14,10,8,4,11,24,4,2,2
lungad_20,1397,50,39,37,22,9,2,7,36,3,6,4,4,7,6,10,20,2,6,2
lungad_2,1918,66,61,47,42,13,1,10,37,7,10,9,20,20,11,13,19,4,8,2
lungad_21,2444,62,73,50,43,14,2,14,43,10,9,8,26,8,15,28,36,5,3,4
lungad_22,1441,24,28,22,18,7,1,5,20,1,4,2,3,2,2,7,16,2,2,1
lungad_23,1622,53,76,63,21,12,1,12,32,9,12,10,15,12,8,24,16,6,5,1
lungad_24,1834,67,78,53,45,13,3,8,37,8,9,16,23,7,11,24,26,4,3,2
lungad_25,2594,79,88,61,49,14,6,15,54,5,12,6,16,17,11,23,33,6,9,5
lungad_26,1224,38,30,27,15,7,-1,2,16,6,5,9,4,7,5,9,20,1,4,1
lungad_27,2495,87,90,83,43,16,1,11,71,11,16,15,21,5,17,32,40,8,7,4
